"User","Distance","Time","Speed"
"1.0","78.5","8.8","8.920454545454545"
"2.0","789.2","5.5","143.4909090909091"
"3.0","78.3","2.2","35.590909090909086"
"4.0","55.6","2.3","24.17391304347826"
"5.0","44.5","6.2","7.177419354838709"
"6.0","22.3","1.3","17.153846153846153"
"7.0","55.3","6.6","8.378787878787879"
"8.0","55.6","3.2","17.375"
"9.0","44.8","9.2","4.869565217391305"
"10.0","33.5","1.3","25.76923076923077"
